id,name,category_id,created_at,updated_at
467,"Miami Heat",1,2024-07-01T11:26:58Z,2025-11-24T07:56:38Z
516,"New York Rangers",1,1970-01-01T00:00:00Z,2025-11-24T07:56:38Z
433,"Los Angeles Lakers",1,2024-07-01T11:26:58Z,2025-11-24T07:56:38Z
444,"Manchester City FC",1,1970-01-01T00:00:00Z,2025-11-24T07:56:38Z
756,"Tottenham Hotspur FC",1,1970-01-01T00:00:00Z,2025-11-24T07:56:38Z
46,"AC Milan",1,1970-01-01T00:00:00Z,2025-11-24T07:56:38Z
422,"Liverpool FC",1,1970-01-01T00:00:00Z,2025-11-24T07:56:38Z
1836,"Chelsea FC",1,1970-01-01T00:00:00Z,2025-11-24T07:56:38Z
306,"Golden State Warriors",1,1970-01-01T00:00:00Z,2025-11-24T07:56:39Z
1851,"France Rugby",1,1970-01-01T00:00:00Z,2025-11-24T07:56:39Z
277,"FC Inter Milan",1,1970-01-01T00:00:00Z,2025-11-24T07:56:38Z
445,"Manchester United FC",1,1970-01-01T00:00:00Z,2025-11-24T07:56:38Z
1835,"Arsenal FC",1,1970-01-01T00:00:00Z,2025-11-24T07:56:39Z
352,"Indiana Pacers",1,2024-07-01T11:26:58Z,2025-11-24T07:56:39Z
598,"Real Madrid CF",1,1970-01-01T00:00:00Z,2025-11-24T07:56:38Z
782,"Vancouver Canucks",1,1970-01-01T00:00:00Z,2025-11-24T07:56:39Z
484,"Montreal Canadiens",1,1970-01-01T00:00:00Z,2025-11-24T07:56:39Z
295,"Fulham FC",1,1970-01-01T00:00:00Z,2025-11-24T07:56:39Z
230,"Detroit Pistons",1,2024-07-01T11:26:58Z,2025-11-24T07:56:39Z
511,"New York Islanders",1,1970-01-01T00:00:00Z,2025-11-24T07:56:39Z
208,"Crystal Palace FC",1,1970-01-01T00:00:00Z,2025-11-24T07:56:39Z
81,"Aston Villa FC",1,1970-01-01T00:00:00Z,2025-11-24T07:56:39Z
190,"Cleveland Cavaliers",1,1970-01-01T00:00:00Z,2025-11-24T07:56:40Z
520,"Newcastle United FC",1,1970-01-01T00:00:00Z,2025-11-24T07:56:39Z
1849,"England Rugby",1,1970-01-01T00:00:00Z,2025-11-24T07:56:41Z
505,"New Jersey Devils",1,1970-01-01T00:00:00Z,2025-11-24T07:56:40Z
512,"New York Jets",1,1970-01-01T00:00:00Z,2025-11-24T07:56:40Z
381,"Juventus FC",1,1970-01-01T00:00:00Z,2025-11-24T07:56:40Z
268,"Everton FC",1,1970-01-01T00:00:00Z,2025-11-24T07:56:40Z
466,"Miami Dolphins",1,1970-01-01T00:00:00Z,2025-11-24T07:56:40Z
1858,"Scotland Rugby",1,1970-01-01T00:00:00Z,2025-11-24T07:56:41Z
283,"Florida Panthers",1,1970-01-01T00:00:00Z,2025-11-24T07:56:40Z
547,"Ottawa Senators",1,1970-01-01T00:00:00Z,2025-11-24T07:56:39Z
79,"AS Roma",1,1970-01-01T00:00:00Z,2025-11-24T07:56:39Z
802,"West Ham United FC",1,1970-01-01T00:00:00Z,2025-11-24T07:56:40Z
660,"SSC Napoli",1,1970-01-01T00:00:00Z,2025-11-24T07:56:40Z
1859,"Wales Rugby",1,1970-01-01T00:00:00Z,2025-11-24T07:56:40Z
784,"Vegas Golden Knights",1,1970-01-01T00:00:00Z,2025-11-24T07:56:40Z
129,"Brentford FC",1,1970-01-01T00:00:00Z,2025-11-24T07:56:40Z
753,"Toronto Maple Leafs",1,1970-01-01T00:00:00Z,2025-11-24T07:56:40Z
659,"SS Lazio",1,1970-01-01T00:00:00Z,2025-11-24T07:56:40Z
89,"Atletico de Madrid",1,1970-01-01T00:00:00Z,2025-11-24T07:56:40Z
1855,"Italy Rugby",1,1970-01-01T00:00:00Z,2025-11-24T07:56:43Z
12244,"AS Monaco FC",1,1970-01-01T00:00:00Z,2025-11-24T07:56:41Z
28696,"Sunderland AFC",1,1970-01-01T00:00:00Z,2025-11-24T07:56:40Z
1854,"Ireland Rugby",1,1970-01-01T00:00:00Z,2025-11-24T07:56:41Z
510,"New York Giants",1,1970-01-01T00:00:00Z,2025-11-24T07:56:42Z
273,"FC Bayern Munich",1,1970-01-01T00:00:00Z,2025-11-24T07:56:41Z
813,"Wolverhampton Wanderers FC",1,2024-07-01T11:26:58Z,2025-11-24T07:56:41Z
518,"New York Yankees",1,2024-07-01T11:26:58Z,2025-11-24T07:56:40Z
17993,"Galatasaray SK",1,1970-01-01T00:00:00Z,2025-11-24T07:56:43Z
662,"St. Louis Blues",1,2024-07-01T11:26:58Z,2025-11-24T07:56:42Z
125,"Boston Bruins",1,1970-01-01T00:00:00Z,2025-11-24T07:56:41Z
502,"New England Patriots",1,1970-01-01T00:00:00Z,2025-11-24T07:56:41Z
123,"Borussia Dortmund",1,2024-07-01T11:26:58Z,2025-11-24T07:56:41Z
681,"Tampa Bay Lightning",1,2024-07-01T11:26:58Z,2025-11-24T07:56:41Z
212,"Dallas Stars",1,1970-01-01T00:00:00Z,2025-11-24T07:56:42Z
566,"Philadelphia Flyers",1,2024-07-01T11:26:58Z,2025-11-24T07:56:41Z
272,"FC Barcelona",1,1970-01-01T00:00:00Z,2025-11-24T07:56:41Z
20682,"Leeds United FC",1,1970-01-01T00:00:00Z,2025-11-24T07:56:41Z
143,"Calgary Flames",1,1970-01-01T00:00:00Z,2025-11-24T07:56:41Z
330,"Hellas Verona FC",1,1970-01-01T00:00:00Z,2025-11-24T07:56:41Z
53,"AFC Bournemouth",1,1970-01-01T00:00:00Z,2025-11-24T07:56:41Z
130,"Brighton & Hove Albion FC",1,1970-01-01T00:00:00Z,2025-11-24T07:56:42Z
138,"Buffalo Sabres",1,1970-01-01T00:00:00Z,2025-11-24T07:56:42Z
163,"Chicago Blackhawks",1,1970-01-01T00:00:00Z,2025-11-24T07:56:42Z
10334,"Utah Mammoth",1,1970-01-01T00:00:00Z,2025-11-24T07:56:42Z
66,"Anaheim Ducks",1,1970-01-01T00:00:00Z,2025-11-24T07:56:43Z
680,"Tampa Bay Buccaneers",1,1970-01-01T00:00:00Z,2025-11-24T07:56:42Z
794,"Washington Capitals",1,2024-07-01T11:26:58Z,2025-11-24T07:56:42Z
28724,"F1: Spanish GP 2026 (Madrid)",1,1970-01-01T00:00:00Z,2025-11-24T07:56:49Z
250,"Edmonton Oilers",1,1970-01-01T00:00:00Z,2025-11-24T07:56:42Z
28672,"US Sassuolo Calcio",1,1970-01-01T00:00:00Z,2025-11-24T07:56:41Z
432,"Los Angeles Kings",1,1970-01-01T00:00:00Z,2025-11-24T07:56:43Z
627,"San Jose Sharks",1,2024-07-01T11:26:58Z,2025-11-24T07:56:43Z
495,"Nashville Predators",1,1970-01-01T00:00:00Z,2025-11-24T07:56:44Z
1839,"Como",1,1970-01-01T00:00:00Z,2025-11-24T07:56:42Z
600,"Real Sociedad",1,1970-01-01T00:00:00Z,2025-11-24T07:56:44Z
573,"Pittsburgh Penguins",1,2024-07-01T11:26:58Z,2025-11-24T07:56:45Z
594,"RC Celta de Vigo",1,2024-07-01T11:26:58Z,2025-11-24T07:56:42Z
636,"Seattle Kraken",1,2024-07-01T11:26:58Z,2025-11-24T07:56:44Z
147,"Carolina Hurricanes",1,1970-01-01T00:00:00Z,2025-11-24T07:56:44Z
477,"Minnesota Vikings",1,1970-01-01T00:00:00Z,2025-11-24T07:56:45Z
196,"Colorado Avalanche",1,1970-01-01T00:00:00Z,2025-11-24T07:56:44Z
809,"Winnipeg Jets",1,2024-07-01T11:26:58Z,2025-11-24T07:56:43Z
14084,"St. John's Red Storm Basketball",1,2024-12-23T16:11:27Z,2025-11-24T07:56:42Z
528,"Nottingham Forest FC",1,1970-01-01T00:00:00Z,2025-11-24T07:56:44Z
105,"Bayer 04 Leverkusen",1,2024-07-01T11:26:58Z,2025-11-24T07:56:43Z
199,"Columbus Blue Jackets",1,1970-01-01T00:00:00Z,2025-11-24T07:56:44Z
13149,"Sporting CP",1,1970-01-01T00:00:00Z,2025-11-24T07:56:43Z
795,"Washington Commanders",1,1970-01-01T00:00:00Z,2025-11-24T07:56:45Z
584,"Paris Saint-Germain FC",1,2024-07-01T11:26:58Z,2025-11-24T07:56:45Z
786,"VfB Stuttgart",1,2024-07-01T11:26:58Z,2025-11-24T07:56:44Z
86,"Atlanta Falcons",1,1970-01-01T00:00:00Z,2025-11-24T07:56:45Z
507,"New Orleans Saints",1,1970-01-01T00:00:00Z,2025-11-24T07:56:45Z
231,"Detroit Red Wings",1,1970-01-01T00:00:00Z,2025-11-24T07:56:45Z
11969,"Benfica",1,1970-01-01T00:00:00Z,2025-11-24T07:56:45Z
1843,"US Lecce",1,1970-01-01T00:00:00Z,2025-11-24T07:56:45Z
297,"Genoa CFC",1,1970-01-01T00:00:00Z,2025-11-24T07:56:44Z
82,"Atalanta BC",1,1970-01-01T00:00:00Z,2025-11-24T07:56:47Z
12078,"FK Bodø/Glimt",1,1970-01-01T00:00:00Z,2025-11-24T07:56:46Z
17020,"Burnley FC",1,1970-01-01T00:00:00Z,2025-11-24T07:56:46Z
13247,"Cagliari Calcio",1,1970-01-01T00:00:00Z,2025-11-24T07:56:45Z
537,"Olympique de Marseille",1,2024-07-01T11:26:58Z,2025-11-24T07:56:47Z
478,"Minnesota Wild",1,2024-07-01T11:26:58Z,2025-11-24T07:56:45Z
172,"Cincinnati Bengals",1,1970-01-01T00:00:00Z,2025-11-24T07:56:46Z
643,"Sevilla FC",1,1970-01-01T00:00:00Z,2025-11-24T07:56:45Z
1865,"Udinese",1,1970-01-01T00:00:00Z,2025-11-24T07:56:45Z
1867,"Parma FC",1,1970-01-01T00:00:00Z,2025-11-24T07:56:46Z
210,"Dallas Cowboys",1,1970-01-01T00:00:00Z,2025-11-24T07:56:47Z
789,"Villarreal CF",1,2024-07-01T11:26:58Z,2025-11-24T07:56:45Z
29372,"NBA Global Games",1,1970-01-01T00:00:00Z,2025-11-24T07:56:44Z
750,"Torino FC",1,1970-01-01T00:00:00Z,2025-11-24T07:56:45Z
709,"The Harlem Globetrotters",1,2024-07-01T11:26:58Z,2025-11-24T07:56:47Z
121,"Bologna FC",1,1970-01-01T00:00:00Z,2025-11-24T07:56:45Z
300,"Getafe CF",1,2024-07-01T11:26:58Z,2025-11-24T07:56:46Z
597,"Real Betis Balompie",1,1970-01-01T00:00:00Z,2025-11-24T07:56:46Z
18756,"PSV Eindhoven",1,1970-01-01T00:00:00Z,2025-11-24T07:56:46Z
28700,"Real Oviedo",1,1970-01-01T00:00:00Z,2025-11-24T07:56:46Z
28698,"Levante UD",1,1970-01-01T00:00:00Z,2025-11-24T07:56:46Z
279,"FC Porto",1,1970-01-01T00:00:00Z,2025-11-24T07:56:47Z
28551,"South Africa Rugby",1,1970-01-01T00:00:00Z,2025-11-24T07:56:49Z
427,"Los Angeles Angels",1,1970-01-01T00:00:00Z,2025-11-24T07:56:46Z
515,"New York Mets",1,2024-07-01T11:26:58Z,2025-11-24T07:56:45Z
469,"Miami Marlins",1,2024-07-01T11:26:58Z,2025-11-24T07:56:47Z
302,"Girona FC",1,2024-07-01T11:26:58Z,2025-11-24T07:56:48Z
28715,"SK Slavia Prague",1,1970-01-01T00:00:00Z,2025-11-24T07:56:47Z
28531,"Pafos FC",1,1970-01-01T00:00:00Z,2025-11-24T07:56:47Z
1861,"RCD Espanyol",1,1970-01-01T00:00:00Z,2025-11-24T07:56:48Z
780,"Valencia CF",1,1970-01-01T00:00:00Z,2025-11-24T07:56:48Z
751,"Toronto Blue Jays",1,1970-01-01T00:00:00Z,2025-11-24T07:56:46Z
294,"FSV Mainz 05",1,2024-07-01T11:26:58Z,2025-11-24T07:56:48Z
29382,"Qarabağ FK",1,1970-01-01T00:00:00Z,2025-11-24T07:56:47Z
278,"FC Köln",1,1970-01-01T00:00:00Z,2025-11-24T07:56:48Z
29400,"FC Midtjylland",1,2025-09-02T16:22:25Z,2025-11-24T07:56:47Z
83,"Athletic Club",1,1970-01-01T00:00:00Z,2025-11-24T07:56:48Z
251,"Eintracht Frankfurt",1,2024-07-01T11:26:58Z,2025-11-24T07:56:48Z
624,"San Francisco 49ers",1,1970-01-01T00:00:00Z,2025-11-24T07:56:51Z
227,"Deportivo Alaves",1,1970-01-01T00:00:00Z,2025-11-24T07:56:48Z
428,"Los Angeles Chargers",1,1970-01-01T00:00:00Z,2025-11-24T07:56:50Z
385,"Kansas City Royals",1,2024-07-01T11:26:58Z,2025-11-24T07:56:48Z
430,"Los Angeles Dodgers",1,2024-07-01T11:26:58Z,2025-11-24T07:56:48Z
625,"San Francisco Giants",1,2024-07-01T11:26:58Z,2025-11-24T07:56:48Z
592,"Rayo Vallecano",1,2024-07-01T11:26:58Z,2025-11-24T07:56:49Z
10501,"Quebec Remparts",1,2024-12-04T13:04:44Z,2025-11-24T07:56:49Z
148,"Carolina Panthers",1,1970-01-01T00:00:00Z,2025-11-24T07:56:49Z
75,"Arizona Cardinals",1,2024-07-01T11:26:58Z,2025-11-24T07:56:51Z
687,"Texas Rangers",1,2024-07-01T11:26:58Z,2025-11-24T07:56:48Z
682,"Tampa Bay Rays",1,2024-07-01T11:26:58Z,2025-11-24T07:56:48Z
763,"TSG 1899 Hoffenheim",1,2024-07-01T11:26:58Z,2025-11-24T07:56:50Z
124,"Borussia Mönchengladbach",1,2024-07-01T11:26:58Z,2025-11-24T07:56:51Z
29389,"Kairat Almaty",1,1970-01-01T00:00:00Z,2025-11-24T07:56:50Z
402,"Las Vegas Raiders",1,1970-01-01T00:00:00Z,2025-11-24T07:56:50Z
50,"ACF Fiorentina",1,1970-01-01T00:00:00Z,2025-11-24T07:56:54Z
271,"FC Augsburg",1,2024-07-01T11:26:58Z,2025-11-24T07:56:50Z
288,"Formula 1: Abu Dhabi Grand Prix",1,1970-01-01T00:00:00Z,2025-11-24T07:56:50Z
26420,"Seton Hall Pirates",1,2025-01-02T12:42:48Z,2025-11-24T07:56:49Z
565,"Philadelphia Eagles",1,1970-01-01T00:00:00Z,2025-11-24T07:56:56Z
29546,"Red Hot Hockey",1,2025-10-29T16:12:48Z,2025-11-24T07:56:52Z
28670,"Pisa SC",1,1970-01-01T00:00:00Z,2025-11-24T07:56:51Z
14014,"Boston University Terriers Hockey",1,2024-12-23T16:11:06Z,2025-11-24T07:56:53Z
530,"The Athletics",1,1970-01-01T00:00:00Z,2025-11-24T07:56:48Z
224,"Denver Broncos",1,1970-01-01T00:00:00Z,2025-11-24T07:56:53Z
1863,"FC St. Pauli",1,1970-01-01T00:00:00Z,2025-11-24T07:56:51Z
127,"Boston Red Sox",1,2024-07-01T11:26:58Z,2025-11-24T07:56:50Z
574,"Pittsburgh Pirates",1,2024-07-01T11:26:58Z,2025-11-24T07:56:49Z
1837,"AFC Ajax",1,1970-01-01T00:00:00Z,2025-11-24T07:56:49Z
28533,"FC Copenhagen",1,1970-01-01T00:00:00Z,2025-11-24T07:56:56Z
11043,"Belleville Senators",1,1970-01-01T00:00:00Z,2025-11-24T07:56:49Z
596,"RCD Mallorca",1,2024-07-01T11:26:58Z,2025-11-24T07:56:54Z
532,"OGC Nice",1,2024-07-01T11:26:58Z,2025-11-24T07:56:50Z
5651,"Manitoba Moose",1,1970-01-01T00:00:00Z,2025-11-24T07:56:49Z
13183,"Creighton Bluejays Basketball",1,2024-12-18T09:45:15Z,2025-11-24T07:56:49Z
13150,"Orlando Solar Bears",1,2024-12-18T09:45:05Z,2025-11-24T07:56:53Z
434,"Los Angeles Rams",1,2024-07-01T11:26:58Z,2025-11-24T07:56:51Z
475,"Minnesota Twins",1,2024-07-01T11:26:58Z,2025-11-24T07:56:51Z
12177,"Club Brugge KV",1,1970-01-01T00:00:00Z,2025-11-24T07:56:51Z
341,"Houston Texans",1,1970-01-01T00:00:00Z,2025-11-24T07:56:53Z
140,"CA Osasuna",1,2024-07-01T11:26:58Z,2025-11-24T07:56:50Z
162,"Chicago Bears",1,2024-07-01T11:26:58Z,2025-11-24T07:56:56Z
685,"Tennessee Titans",1,1970-01-01T00:00:00Z,2025-11-24T07:56:57Z
77,"Arizona Diamondbacks",1,2024-07-01T11:26:58Z,2025-11-24T07:56:49Z
623,"San Diego Padres",1,2024-07-01T11:26:58Z,2025-11-24T07:56:50Z
788,"VfL Wolfsburg",1,2024-07-01T11:26:58Z,2025-11-24T07:56:51Z
1844,"Venezia FC",1,2024-11-26T19:35:53Z,2025-11-24T07:56:51Z
100,"Baltimore Orioles",1,2024-07-01T11:26:58Z,2025-11-24T07:56:51Z
15935,"BSC Young Boys",1,2024-12-30T13:14:38Z,2025-11-24T07:56:52Z
280,"FC Union Berlin",1,2024-07-01T11:26:58Z,2025-11-24T07:56:52Z
168,"Chicago White Sox",1,2024-07-01T11:26:58Z,2025-11-24T07:56:52Z
1860,"Union Saint-Gilloise",1,1970-01-01T00:00:00Z,2025-11-24T07:56:52Z
173,"Cincinnati Reds",1,2024-07-01T11:26:58Z,2025-11-24T07:56:53Z
232,"Detroit Tigers",1,2024-07-01T11:26:58Z,2025-11-24T07:56:52Z
663,"St. Louis Cardinals",1,2024-07-01T11:26:58Z,2025-11-24T07:56:52Z
28671,"US Cremonese",1,1970-01-01T00:00:00Z,2025-11-24T07:56:54Z
198,"Colorado Rockies",1,2024-07-01T11:26:58Z,2025-11-24T07:56:51Z
15473,"Feyenoord",1,1970-01-01T00:00:00Z,2025-11-24T07:56:52Z
23197,"FC Red Bull Salzburg",1,2024-12-30T17:24:15Z,2025-11-24T07:56:51Z
28699,"Elche CF",1,1970-01-01T00:00:00Z,2025-11-24T07:56:56Z
191,"Cleveland Guardians",1,2024-07-01T11:26:58Z,2025-11-24T07:56:52Z
353,"Indianapolis Colts",1,1970-01-01T00:00:00Z,2025-11-24T07:56:53Z
20928,"Celtic FC",1,1970-01-01T00:00:00Z,2025-11-24T07:56:57Z
6270,"Clemson Tigers",1,1970-01-01T00:00:00Z,2025-11-24T07:56:55Z
11355,"Jimmy V Classic",1,2024-12-04T13:25:15Z,2025-11-24T07:56:55Z
1,"Spain World Cup 2026",1,1970-01-01T00:00:00Z,2025-11-24T07:56:52Z
23006,"Queens Park Rangers",1,2024-12-30T15:33:41Z,2025-11-24T07:56:53Z
639,"Seattle Seahawks",1,1970-01-01T00:00:00Z,2025-11-24T07:56:55Z
84,"Atlanta Braves",1,2024-07-01T11:26:58Z,2025-11-24T07:56:54Z
8462,"Hartford Wolf Pack",1,1970-01-01T00:00:00Z,2025-11-24T07:56:52Z
72,"Argentina World Cup 2026 ",1,1970-01-01T00:00:00Z,2025-11-24T07:56:53Z
575,"Pittsburgh Steelers",1,1970-01-01T00:00:00Z,2025-11-24T07:56:54Z
30906,"Finalissima 2026",1,2025-11-18T14:54:42Z,2025-11-24T07:56:53Z
28713,"England Womens National Soccer Team",1,1970-01-01T00:00:00Z,2025-11-24T07:56:56Z
101,"Baltimore Ravens",1,1970-01-01T00:00:00Z,2025-11-24T07:56:59Z
358,"Jacksonville Jaguars",1,1970-01-01T00:00:00Z,2025-11-24T07:56:56Z
3093,"Georgetown Hoyas Mens Basketball",1,2024-12-02T20:15:09Z,2025-11-24T07:56:53Z
7802,"The Garden Cup",1,1970-01-01T00:00:00Z,2025-11-24T07:56:53Z
137,"Buffalo Bills",1,1970-01-01T00:00:00Z,2025-11-24T07:56:57Z
567,"Philadelphia Phillies",1,2024-07-01T11:26:58Z,2025-11-24T07:56:54Z
13508,"NASCAR Cup Series",1,2024-12-18T10:00:37Z,2025-11-24T07:57:02Z
26115,"Texas Tech Red Raiders Basketball",1,2025-01-02T12:41:16Z,2025-11-24T07:56:53Z
29405,"Malmö FF",1,2025-09-02T16:29:11Z,2025-11-24T07:56:55Z
28503,"CD Nacional",1,2025-01-02T14:28:25Z,2025-11-24T07:56:54Z
676,"SV Werder Bremen",1,2024-07-01T11:26:58Z,2025-11-24T07:56:53Z
29380,"FC Basel",1,1970-01-01T00:00:00Z,2025-11-24T07:56:59Z
23014,"Estoril Praia",1,2024-12-30T15:46:56Z,2025-11-24T07:56:54Z
11881,"PBR - Unleash the Beast",1,2024-12-04T13:37:53Z,2025-11-24T07:56:59Z
7770,"NASCAR Xfinity Series",1,2024-12-03T00:13:42Z,2025-11-24T07:57:01Z
11541,"Abbotsford Canucks",1,1970-01-01T00:00:00Z,2025-11-24T07:56:54Z
797,"Washington Nationals",1,2024-07-01T11:26:58Z,2025-11-24T07:56:56Z
14256,"Indianapolis 500",1,2024-12-23T17:35:34Z,2025-11-24T07:56:55Z
23009,"Rio Ave FC",1,2024-12-30T15:40:55Z,2025-11-24T07:56:54Z
30849,"AVS Futebol",1,2025-11-13T08:54:43Z,2025-11-24T07:56:58Z
593,"RB Leipzig",1,2024-07-01T11:26:58Z,2025-11-24T07:56:55Z
384,"Kansas City Chiefs",1,1970-01-01T00:00:00Z,2025-11-24T07:56:59Z
8929,"Providence Bruins",1,1970-01-01T00:00:00Z,2025-11-24T07:56:55Z
12916,"Chicago Wolves",1,1970-01-01T00:00:00Z,2025-11-24T07:56:58Z
30851,"FC Alverca",1,2025-11-13T08:55:48Z,2025-11-24T07:56:55Z
165,"Chicago Cubs",1,2024-07-01T11:26:58Z,2025-11-24T07:56:55Z
630,"SC Freiburg",1,2024-07-01T11:26:58Z,2025-11-24T07:56:56Z
23013,"Gil Vicente FC",1,2024-12-30T15:44:42Z,2025-11-24T07:56:57Z
354,"Inter Miami CF",1,1970-01-01T00:00:00Z,2025-11-24T07:56:56Z
13229,"Calgary Wranglers",1,1970-01-01T00:00:00Z,2025-11-24T07:56:55Z
471,"Milwaukee Brewers",1,2024-07-01T11:26:58Z,2025-11-24T07:56:55Z
637,"Seattle Mariners",1,2024-07-01T11:26:58Z,2025-11-24T07:56:55Z
417,"Lille LOSC",1,2024-07-01T11:26:58Z,2025-11-24T07:56:59Z
28697,"Hamburger SV",1,1970-01-01T00:00:00Z,2025-11-24T07:56:58Z
17572,"Millwall FC",1,1970-01-01T00:00:00Z,2025-11-24T07:56:57Z
311,"Green Bay Packers",1,1970-01-01T00:00:00Z,2025-11-24T07:57:03Z
3653,"Laval Rocket",1,1970-01-01T00:00:00Z,2025-11-24T07:56:58Z
7859,"WWE WrestleMania",1,2024-12-03T00:15:50Z,2025-11-24T07:56:59Z
337,"Houston Astros",1,2024-07-01T11:26:58Z,2025-11-24T07:56:58Z
18033,"Heart of Midlothian FC",1,2024-12-30T13:25:16Z,2025-11-24T07:56:56Z
29373,"FC Groningen",1,1970-01-01T00:00:00Z,2025-11-24T07:56:57Z
30885,"KUPS Kuopion",1,2025-11-13T14:44:39Z,2025-11-24T07:56:57Z
276,"FC Heidenheim",1,2024-07-01T11:26:58Z,2025-11-24T07:56:59Z
29373,"FC Groningen",1,1970-01-01T00:00:00Z,2025-11-24T07:56:57Z
8212,"NHL Winter Classic",1,2024-12-03T00:24:18Z,2025-11-24T07:57:03Z
276,"FC Heidenheim",1,2024-07-01T11:26:58Z,2025-11-24T07:56:59Z
30885,"KUPS Kuopion",1,2025-11-13T14:44:39Z,2025-11-24T07:56:57Z
337,"Houston Astros",1,2024-07-01T11:26:58Z,2025-11-24T07:56:58Z
17079,"FC Viktoria Plzen",1,1970-01-01T00:00:00Z,2025-11-24T07:57:02Z
14011,"Big East Mens Basketball Tournament",1,2024-12-23T16:11:05Z,2025-11-24T07:57:02Z
30852,"FC Famalicão",1,2025-11-13T08:56:31Z,2025-11-24T07:57:09Z
481,"Monster Jam",1,2024-07-01T11:26:58Z,2025-11-24T07:57:00Z
14078,"San Antonio Stock Show and Rodeo",1,2024-12-23T16:11:25Z,2025-11-24T07:57:00Z
1912,"Bridgeport Islanders",1,1970-01-01T00:00:00Z,2025-11-24T07:57:00Z
6075,"Ontario Reign",1,1970-01-01T00:00:00Z,2025-11-24T07:57:01Z
32,"Canadian Open Tennis",1,1970-01-01T00:00:00Z,2025-11-24T07:57:09Z
12749,"Houston Livestock Show and Rodeo",1,2024-12-18T09:43:02Z,2025-11-24T07:57:00Z
4210,"Grand Rapids Griffins",1,1970-01-01T00:00:00Z,2025-11-24T07:56:58Z
13298,"Idaho Steelheads",1,2024-12-18T09:45:51Z,2025-11-24T07:57:02Z
26345,"Brooklyn FC",1,2025-01-02T12:42:26Z,2025-11-24T07:57:02Z
23202,"New York Sirens",1,2024-12-30T17:24:16Z,2025-11-24T07:56:59Z
757,"Toulouse FC",1,2024-07-01T11:26:58Z,2025-11-24T07:57:04Z
16050,"Olympiacos FC",1,1970-01-01T00:00:00Z,2025-11-24T07:56:59Z
5995,"San Jose Barracuda",1,1970-01-01T00:00:00Z,2025-11-24T07:57:00Z
667,"Stade de Rennes FC",1,2024-07-01T11:26:58Z,2025-11-24T07:57:09Z
15258,"FC Utrecht",1,1970-01-01T00:00:00Z,2025-11-24T07:57:00Z
13233,"Northeastern Huskies Hockey",1,2024-12-18T09:45:31Z,2025-11-24T07:57:06Z
6230,"Tucson Roadrunners",1,1970-01-01T00:00:00Z,2025-11-24T07:57:03Z
4728,"Bakersfield Condors",1,1970-01-01T00:00:00Z,2025-11-24T07:57:03Z
14030,"Super Bowl",1,2024-12-23T16:11:11Z,2025-11-24T07:57:06Z
4189,"Iowa Wild",1,1970-01-01T00:00:00Z,2025-11-24T07:57:09Z
12562,"GNK Dinamo Zagreb",1,1970-01-01T00:00:00Z,2025-11-24T07:57:08Z
7118,"Nitro Circus Live",1,2024-12-02T23:42:52Z,2025-11-24T07:57:07Z
21382,"Sheffield Wednesday FC",1,1970-01-01T00:00:00Z,2025-11-24T07:57:03Z
25483,"Toronto Sceptres",1,2025-01-02T12:38:03Z,2025-11-24T07:57:01Z
14034,"Harvard Crimson Hockey",1,2024-12-23T16:11:12Z,2025-11-24T07:57:01Z
29392,"Coventry City",1,2025-08-14T17:59:02Z,2025-11-24T07:57:05Z
28599,"Formula 1: Belgian Grand Prix",1,1970-01-01T00:00:00Z,2025-11-24T07:57:05Z
13233,"Northeastern Huskies Hockey",1,2024-12-18T09:45:31Z,2025-11-24T07:57:06Z
14030,"Super Bowl",1,2024-12-23T16:11:11Z,2025-11-24T07:57:06Z
6230,"Tucson Roadrunners",1,1970-01-01T00:00:00Z,2025-11-24T07:57:03Z
12562,"GNK Dinamo Zagreb",1,1970-01-01T00:00:00Z,2025-11-24T07:57:08Z
14034,"Harvard Crimson Hockey",1,2024-12-23T16:11:12Z,2025-11-24T07:57:01Z
25483,"Toronto Sceptres",1,2025-01-02T12:38:03Z,2025-11-24T07:57:01Z
21382,"Sheffield Wednesday FC",1,1970-01-01T00:00:00Z,2025-11-24T07:57:03Z
29392,"Coventry City",1,2025-08-14T17:59:02Z,2025-11-24T07:57:05Z
14733,"Red Star Belgrade",1,1970-01-01T00:00:00Z,2025-11-24T07:57:06Z
28599,"Formula 1: Belgian Grand Prix",1,1970-01-01T00:00:00Z,2025-11-24T07:57:05Z
14036,"UNLV Rebels Basketball",1,2024-12-23T16:11:13Z,2025-11-24T07:57:05Z
14093,"South Florida Bulls Basketball",1,2024-12-23T16:11:30Z,2025-11-24T07:57:06Z
189,"Cleveland Browns",1,1970-01-01T00:00:00Z,2025-11-24T08:00:58Z
1842,"SK Sturm Graz",1,1970-01-01T00:00:00Z,2025-11-24T07:57:05Z
229,"Detroit Lions",1,1970-01-01T00:00:00Z,2025-11-24T07:57:04Z
4519,"Rose Bowl",1,1970-01-01T00:00:00Z,2025-11-24T07:57:09Z
13368,"Syracuse Crunch",1,1970-01-01T00:00:00Z,2025-11-24T07:57:07Z
29391,"Wrexham AFC",1,2025-08-14T17:47:59Z,2025-11-24T07:57:03Z
17955,"Hull City AFC",1,1970-01-01T00:00:00Z,2025-11-24T07:57:04Z
23011,"CD Santa Clara",1,2024-12-30T15:42:46Z,2025-11-24T07:57:03Z
29377,"FC Volendam",1,2025-08-07T13:17:16Z,2025-11-24T07:57:06Z
30877,"AEK Athens",1,2025-11-13T14:34:30Z,2025-11-24T07:57:09Z
13230,"Tennessee Volunteers Football",1,1970-01-01T00:00:00Z,2025-11-24T07:57:05Z
407,"Leicester City FC",1,1970-01-01T00:00:00Z,2025-11-24T07:57:08Z
29469,"Bob Vylan",1,1970-01-01T00:00:00Z,2025-11-24T07:57:07Z
30847,"Paris FC",1,2025-11-13T08:51:54Z,2025-11-24T07:57:08Z
15468,"FC Twente",1,1970-01-01T00:00:00Z,2025-11-24T07:57:05Z
12954,"San Diego Gulls",1,1970-01-01T00:00:00Z,2025-11-24T07:57:06Z
538,"Olympique Lyonnais",1,1970-01-01T00:00:00Z,2025-11-24T07:57:01Z
29378,"Fortuna Sittard",1,2025-08-07T13:17:58Z,2025-11-24T07:57:02Z
24889,"Go Ahead Eagles",1,1970-01-01T00:00:00Z,2025-11-24T07:57:03Z
8391,"Pittsburgh Panthers Football",1,2024-12-03T01:04:08Z,2025-11-24T07:57:04Z
13925,"Club World Cup 2025 - Round of 16",1,1970-01-01T00:00:00Z,2025-11-24T08:00:44Z
483,"Montpellier HSC",1,2024-07-01T11:26:58Z,2025-11-24T08:00:43Z
27,"Semifinals Euro 2024",1,2024-04-25T13:59:04Z,2025-11-24T08:00:54Z
465,"Mexico World Cup 2026",1,1970-01-01T00:00:00Z,2025-11-24T08:00:36Z
29544,"Professional Fighters League",1,2025-10-29T16:11:14Z,2025-11-24T08:00:36Z
28669,"Moto GP: Valencia Grand Prix",1,1970-01-01T00:00:00Z,2025-11-24T08:00:53Z
15530,"Hibernian FC",1,2024-12-30T12:45:29Z,2025-11-24T08:00:53Z
2517,"Henderson Silver Knights",1,1970-01-01T00:00:00Z,2025-11-24T08:00:42Z
13755,"Texas Stars",1,1970-01-01T00:00:00Z,2025-11-24T08:00:42Z
30901,"US Montalbanaise",1,2025-11-13T14:59:20Z,2025-11-24T08:00:51Z
4,"Scotland World Cup 2026",1,2024-04-23T14:28:50Z,2025-11-24T08:00:51Z
30891,"Castres Olympique",1,2025-11-13T14:54:11Z,2025-11-24T07:57:45Z
28712,"Womens Euro - Final",1,1970-01-01T00:00:00Z,2025-11-24T07:57:46Z
29540,"NIT Season Tip-Off",1,2025-10-29T16:05:39Z,2025-11-24T07:57:47Z
11977,"Mamelodi Sundowns FC",1,1970-01-01T00:00:00Z,2025-11-24T07:57:47Z
15019,"NAC Breda",1,1970-01-01T00:00:00Z,2025-11-24T07:57:49Z
30884,"Breidablik",1,2025-11-13T14:43:57Z,2025-11-24T07:57:49Z
29571,"Copa America 2028",1,2025-10-29T17:59:16Z,2025-11-24T07:57:48Z
20406,"Formula 1: Hungarian Grand Prix",1,1970-01-01T00:00:00Z,2025-11-24T07:57:51Z
28704,"Switzerland Womens National Soccer Team",1,1970-01-01T00:00:00Z,2025-11-24T07:57:52Z
30892,"LOU Rugby",1,2025-11-13T14:54:34Z,2025-11-24T08:00:41Z
28658,"Moto GP: Italian Grand Prix",1,1970-01-01T00:00:00Z,2025-11-24T07:57:41Z
26088,"Florida International Panthers Football",1,2025-01-02T12:41:08Z,2025-11-24T08:00:50Z
128,"Brazil World Cup 2026",1,1970-01-01T00:00:00Z,2025-11-24T07:57:41Z
8937,"SMU Mustangs Football",1,1970-01-01T00:00:00Z,2025-11-24T08:00:50Z
13929,"Texas Longhorns Football",1,1970-01-01T00:00:00Z,2025-11-24T08:00:49Z
29446,"Jordan World Cup 2026",1,1970-01-01T00:00:00Z,2025-11-24T07:57:40Z
23,"Portugal World Cup 2026",1,2024-04-23T14:48:57Z,2025-11-24T08:00:35Z
167,"Chicago Sky",1,2024-07-01T11:26:58Z,2025-11-24T08:00:33Z
568,"Philadelphia Union",1,1970-01-01T00:00:00Z,2025-11-24T07:57:40Z
28514,"Formula 1 Italian Grand Prix (Monza) 2025",1,1970-01-01T00:00:00Z,2025-11-24T08:00:35Z
657,"Southampton FC",1,1970-01-01T00:00:00Z,2025-11-24T08:01:06Z
28305,"Northwestern Wildcats Football",1,2025-01-02T12:52:20Z,2025-11-24T08:00:49Z
10,"Slovenia",1,2024-04-23T14:44:09Z,2025-11-24T08:01:06Z
8245,"Bahrain Grand Prix",1,1970-01-01T00:00:00Z,2025-11-24T08:00:40Z
28548,"New Zeland Rugby",1,1970-01-01T00:00:00Z,2025-11-24T08:01:06Z
29521,"Dubai Duty Free Tennis Championships",1,2025-10-29T15:44:56Z,2025-11-24T08:01:06Z
29376,"SBV Excelsior",1,2025-08-07T13:15:01Z,2025-11-24T08:01:05Z
664,"St. Louis City SC",1,1970-01-01T00:00:00Z,2025-11-24T08:01:05Z
29453,"Senegal World Cup 2026",1,1970-01-01T00:00:00Z,2025-11-24T08:01:05Z
11963,"River Plate",1,1970-01-01T00:00:00Z,2025-11-24T08:00:39Z
11970,"Flamengo",1,1970-01-01T00:00:00Z,2025-11-24T08:01:05Z
1838,"CD Leganes",1,1970-01-01T00:00:00Z,2025-11-24T08:01:05Z
28556,"Arminia Bielefeld",1,2025-04-29T08:31:38Z,2025-11-24T08:00:48Z
509,"New York City FC",1,1970-01-01T00:00:00Z,2025-11-24T08:01:04Z
28714,"Sweden Womens National Soccer Team",1,1970-01-01T00:00:00Z,2025-11-24T08:01:04Z
28597,"WWE Live",1,2025-05-29T13:04:26Z,2025-11-24T08:01:04Z
658,"Sporting Kansas City",1,1970-01-01T00:00:00Z,2025-11-24T08:01:04Z
29819,"Winter Games 2026",1,2025-11-03T16:34:37Z,2025-11-24T07:57:58Z
13931,"NCAA College Football Quarter-finals",1,1970-01-01T00:00:00Z,2025-11-24T08:01:03Z
29383,"Brann",1,1970-01-01T00:00:00Z,2025-11-24T08:00:46Z
3,"Germany World Cup 2026",1,2024-04-23T14:10:15Z,2025-11-24T07:58:09Z
1830,"Sweden National Football Team",1,1970-01-01T00:00:00Z,2025-11-24T08:01:03Z
19218,"Saudi Arabian Grand Prix",1,1970-01-01T00:00:00Z,2025-11-24T08:01:03Z
599,"Real Salt Lake",1,1970-01-01T00:00:00Z,2025-11-24T07:58:09Z
28547,"USA Rugby",1,1970-01-01T00:00:00Z,2025-11-24T08:01:03Z
29819,"Winter Games 2026",1,2025-11-03T16:34:37Z,2025-11-24T07:57:58Z
13204,"Fiesta Bowl",1,1970-01-01T00:00:00Z,2025-11-24T07:58:09Z
28523,"Molde FK",1,2025-02-27T17:47:27Z,2025-11-24T07:58:13Z
1830,"Sweden National Football Team",1,1970-01-01T00:00:00Z,2025-11-24T08:01:03Z
13931,"NCAA College Football Quarter-finals",1,1970-01-01T00:00:00Z,2025-11-24T08:01:03Z
29383,"Brann",1,1970-01-01T00:00:00Z,2025-11-24T08:00:46Z
13516,"London Knights",1,2024-12-18T10:00:40Z,2025-11-24T07:58:11Z
3,"Germany World Cup 2026",1,2024-04-23T14:10:15Z,2025-11-24T07:58:09Z
19218,"Saudi Arabian Grand Prix",1,1970-01-01T00:00:00Z,2025-11-24T08:01:03Z
29461,"Morocco World Cup 2026",1,1970-01-01T00:00:00Z,2025-11-24T07:58:17Z
28547,"USA Rugby",1,1970-01-01T00:00:00Z,2025-11-24T08:01:03Z
29374,"PEC Zwolle",1,2025-08-07T13:13:10Z,2025-11-24T07:57:26Z
3,"Germany World Cup 2026",1,2024-04-23T14:10:15Z,2025-11-24T07:58:09Z
19218,"Saudi Arabian Grand Prix",1,1970-01-01T00:00:00Z,2025-11-24T08:01:03Z
28547,"USA Rugby",1,1970-01-01T00:00:00Z,2025-11-24T08:01:03Z
28534,"Fenerbahçe SK",1,1970-01-01T00:00:00Z,2025-11-24T07:57:42Z
11,"Denmark World Cup 2026",1,2024-04-23T14:44:37Z,2025-11-24T07:58:14Z
28511,"Champions League Semifinal",1,1970-01-01T00:00:00Z,2025-11-24T07:58:16Z
14052,"USA World Cup 2026",1,1970-01-01T00:00:00Z,2025-11-24T07:58:16Z
30846,"FC Metz",1,2025-11-13T08:51:17Z,2025-11-24T07:58:18Z
13930,"Georgia Bulldogs Football",1,2024-12-19T11:54:15Z,2025-11-24T07:58:18Z
28703,"Addison Rae",1,1970-01-01T00:00:00Z,2025-11-24T07:58:12Z
28660,"Moto GP: German Grand Prix",1,1970-01-01T00:00:00Z,2025-11-24T07:58:12Z
351,"Indiana Fever",1,1970-01-01T00:00:00Z,2025-11-24T07:58:12Z
496,"Nashville SC",1,1970-01-01T00:00:00Z,2025-11-24T07:58:19Z
220,"DC United",1,1970-01-01T00:00:00Z,2025-11-24T07:58:19Z
30861,"Mirassol",1,2025-11-13T09:02:42Z,2025-11-24T07:58:19Z
431,"Los Angeles FC",1,1970-01-01T00:00:00Z,2025-11-24T07:58:20Z
157,"Charlotte FC",1,1970-01-01T00:00:00Z,2025-11-24T07:58:21Z
28706,"France Womens National Football Team",1,1970-01-01T00:00:00Z,2025-11-24T07:58:21Z
17,"Belgium World Cup 2026",1,1970-01-01T00:00:00Z,2025-11-24T07:58:43Z
783,"Vancouver Whitecaps FC",1,1970-01-01T00:00:00Z,2025-11-24T07:58:22Z
13049,"Milwaukee Admirals",1,1970-01-01T00:00:00Z,2025-11-24T08:00:39Z
47,"AC Monza",1,2024-07-01T11:26:58Z,2025-11-24T08:00:48Z
787,"VfL Bochum",1,1970-01-01T00:00:00Z,2025-11-24T08:00:55Z
503,"New England Revolution",1,1970-01-01T00:00:00Z,2025-11-24T08:00:57Z
30888,"Hamrun Spartans",1,2025-11-13T14:47:02Z,2025-11-24T07:58:23Z
28510,"Champions League Final 2026",1,1970-01-01T00:00:00Z,2025-11-24T07:58:24Z
517,"New York Red Bulls",1,1970-01-01T00:00:00Z,2025-11-24T08:01:02Z
4270,"UFC Fight Night",1,2024-12-02T21:06:17Z,2025-11-24T08:01:18Z
7012,"Florida Everblades",1,2024-12-02T23:40:19Z,2025-11-24T08:01:18Z
29443,"South Korea World Cup 2026",1,1970-01-01T00:00:00Z,2025-11-24T08:01:23Z
28540,"NFL International Series",1,1970-01-01T00:00:00Z,2025-11-24T07:58:24Z
7631,"Sacramento River Cats",1,2024-12-02T23:55:10Z,2025-11-24T08:01:19Z
28014,"Rice Owls Football",1,2025-01-02T12:50:52Z,2025-11-24T08:01:23Z
8,"Italy World Cup 2026",1,1970-01-01T00:00:00Z,2025-11-24T07:58:25Z
22854,"Formula 1: Austrian Grand Prix",1,1970-01-01T00:00:00Z,2025-11-24T07:58:26Z
517,"New York Red Bulls",1,1970-01-01T00:00:00Z,2025-11-24T08:01:02Z
28675,"Daniel Dubois",1,2025-06-06T10:10:27Z,2025-11-24T07:58:28Z
27850,"Houston Cougars Football",1,2025-01-02T12:50:02Z,2025-11-24T08:01:20Z
28512,"Formula 1 Japanese Grand Prix",1,1970-01-01T00:00:00Z,2025-11-24T08:02:31Z
29412,"Ciryl Gane",1,2025-09-10T08:00:35Z,2025-11-24T07:58:31Z
517,"New York Red Bulls",1,1970-01-01T00:00:00Z,2025-11-24T08:01:02Z
28704,"Switzerland Womens National Soccer Team",1,1970-01-01T00:00:00Z,2025-11-24T07:57:52Z
28585,"NBA Draft",1,2025-05-29T08:35:03Z,2025-11-24T07:58:35Z
28662,"Moto GP: Austrian Grand Prix",1,1970-01-01T00:00:00Z,2025-11-24T07:58:36Z
13925,"Club World Cup 2025 - Round of 16",1,1970-01-01T00:00:00Z,2025-11-24T08:00:44Z
517,"New York Red Bulls",1,1970-01-01T00:00:00Z,2025-11-24T08:01:02Z
12349,"FC Shakhtar Donetsk",1,1970-01-01T00:00:00Z,2025-11-24T07:58:36Z
517,"New York Red Bulls",1,1970-01-01T00:00:00Z,2025-11-24T08:01:02Z
274,"FC Cincinnati",1,1970-01-01T00:00:00Z,2025-11-24T08:01:02Z
15520,"PFC Ludogorets Razgrad",1,1970-01-01T00:00:00Z,2025-11-24T07:58:07Z
76,"Arizona Coyotes",1,2024-07-01T11:26:58Z,2025-11-24T07:58:07Z
28567,"Final X",1,2025-05-29T08:24:16Z,2025-11-24T08:01:02Z
30875,"HŠK Zrinjski Mostar",1,2025-11-13T14:32:54Z,2025-11-24T08:00:45Z
30897,"Stade Francais Paris",1,2025-11-13T14:57:25Z,2025-11-24T08:00:45Z
30862,"Red Bull Bragantino",1,2025-11-13T09:03:14Z,2025-11-24T07:58:05Z
11954,"Penn State Nittany Lions Football",1,1970-01-01T00:00:00Z,2025-11-24T08:01:02Z
13932,"NCAA College Football Semifinals",1,1970-01-01T00:00:00Z,2025-11-24T07:58:05Z
11982,"Pachuca",1,1970-01-01T00:00:00Z,2025-11-24T07:58:04Z
28663,"Moto GP: Hungarian Grand Prix",1,1970-01-01T00:00:00Z,2025-11-24T07:58:04Z
287,"Formula 1: Miami Grand Prix",1,1970-01-01T00:00:00Z,2025-11-24T08:01:02Z
11953,"Notre Dame Fighting Irish Football",1,1970-01-01T00:00:00Z,2025-11-24T07:58:04Z
30890,"Aviron Bayonnais",1,2025-11-13T14:53:43Z,2025-11-24T08:00:45Z
11962,"FIFA Intercontinental Cup Final",1,2024-12-05T12:56:52Z,2025-11-24T08:00:33Z
29451,"Algeria World Cup 2026",1,1970-01-01T00:00:00Z,2025-11-24T07:58:03Z
29410,"Carlos Ulberg",1,2025-09-10T07:58:05Z,2025-11-24T07:58:02Z
28541,"Rolex Monte-Carlo Masters",1,1970-01-01T00:00:00Z,2025-11-24T07:58:01Z
29458,"Nigeria World Cup 2026",1,1970-01-01T00:00:00Z,2025-11-24T07:58:43Z
1862,"Real Valladolid CF",1,1970-01-01T00:00:00Z,2025-11-24T07:58:43Z
28536,"Chris Eubank Jr",1,2025-02-27T18:37:59Z,2025-11-24T07:58:45Z
7,"Croatia World Cup 2026",1,1970-01-01T00:00:00Z,2025-11-24T07:58:45Z
28657,"Moto GP: Aragon Grand Prix",1,1970-01-01T00:00:00Z,2025-11-24T07:58:46Z
28571,"Bea For Kids Champions Challenge",1,2025-05-29T08:26:38Z,2025-11-24T07:58:01Z
665,"Stade Brestois 29",1,2024-07-01T11:26:58Z,2025-11-24T07:58:48Z
28541,"Rolex Monte-Carlo Masters",1,1970-01-01T00:00:00Z,2025-11-24T07:58:01Z
29458,"Nigeria World Cup 2026",1,1970-01-01T00:00:00Z,2025-11-24T07:58:43Z
1862,"Real Valladolid CF",1,1970-01-01T00:00:00Z,2025-11-24T07:58:43Z
28571,"Bea For Kids Champions Challenge",1,2025-05-29T08:26:38Z,2025-11-24T07:58:01Z
28541,"Rolex Monte-Carlo Masters",1,1970-01-01T00:00:00Z,2025-11-24T07:58:01Z
28708,"Germany Womens National Soccer Team",1,1970-01-01T00:00:00Z,2025-11-24T07:58:53Z
29458,"Nigeria World Cup 2026",1,1970-01-01T00:00:00Z,2025-11-24T07:58:43Z
1862,"Real Valladolid CF",1,1970-01-01T00:00:00Z,2025-11-24T07:58:43Z
11978,"Wydad AC",1,1970-01-01T00:00:00Z,2025-11-24T07:58:54Z
28537,"Conor Benn",1,2025-02-27T18:38:39Z,2025-11-24T07:58:55Z
28571,"Bea For Kids Champions Challenge",1,2025-05-29T08:26:38Z,2025-11-24T07:58:01Z
675,"SV Darmstadt 98",1,1970-01-01T00:00:00Z,2025-11-24T07:58:56Z
12,"Serbia",1,2024-04-23T14:44:59Z,2025-11-24T07:58:43Z
29559,"UFC 296",1,2025-10-29T16:29:14Z,2025-11-24T07:58:58Z
28541,"Rolex Monte-Carlo Masters",1,1970-01-01T00:00:00Z,2025-11-24T07:58:01Z
29458,"Nigeria World Cup 2026",1,1970-01-01T00:00:00Z,2025-11-24T07:58:43Z
18673,"Middlesbrough FC",1,1970-01-01T00:00:00Z,2025-11-24T07:58:58Z
1862,"Real Valladolid CF",1,1970-01-01T00:00:00Z,2025-11-24T07:58:43Z
11311,"Cotton Bowl",1,1970-01-01T00:00:00Z,2025-11-24T07:59:00Z
28571,"Bea For Kids Champions Challenge",1,2025-05-29T08:26:38Z,2025-11-24T07:58:01Z
1994,"Party Animals",1,2024-12-02T19:48:44Z,2025-11-24T07:59:01Z
28527,"SK Rapid Vienna",1,2025-02-27T17:54:44Z,2025-11-24T07:59:01Z
12,"Serbia",1,2024-04-23T14:44:59Z,2025-11-24T07:58:43Z
29558,"UFC 295",1,2025-10-29T16:28:27Z,2025-11-24T07:58:43Z
1862,"Real Valladolid CF",1,1970-01-01T00:00:00Z,2025-11-24T07:58:43Z
11964,"Palmeiras",1,1970-01-01T00:00:00Z,2025-11-24T07:59:03Z
28683,"Acda en de Munnik",1,2025-06-06T10:24:26Z,2025-11-24T07:59:03Z
28571,"Bea For Kids Champions Challenge",1,2025-05-29T08:26:38Z,2025-11-24T07:58:01Z
12,"Serbia",1,2024-04-23T14:44:59Z,2025-11-24T07:58:43Z
554,"Paraguay World Cup 2026",1,1970-01-01T00:00:00Z,2025-11-24T07:59:07Z
29558,"UFC 295",1,2025-10-29T16:28:27Z,2025-11-24T07:58:43Z
28541,"Rolex Monte-Carlo Masters",1,1970-01-01T00:00:00Z,2025-11-24T07:58:01Z
29458,"Nigeria World Cup 2026",1,1970-01-01T00:00:00Z,2025-11-24T07:58:43Z
30864,"Vasco Da Gama",1,2025-11-13T09:05:18Z,2025-11-24T07:59:08Z
13702,"Kansas State Wildcats Football",1,2024-12-18T10:01:39Z,2025-11-24T07:59:08Z
1862,"Real Valladolid CF",1,1970-01-01T00:00:00Z,2025-11-24T07:58:43Z
205,"Costa Rica World Cup 2026",1,1970-01-01T00:00:00Z,2025-11-24T07:59:10Z
28571,"Bea For Kids Champions Challenge",1,2025-05-29T08:26:38Z,2025-11-24T07:58:01Z
30883,"BK Häcken",1,2025-11-13T14:38:32Z,2025-11-24T07:59:11Z
12,"Serbia",1,2024-04-23T14:44:59Z,2025-11-24T07:58:43Z
29558,"UFC 295",1,2025-10-29T16:28:27Z,2025-11-24T07:58:43Z
23005,"Formula 1: Brazil Grand Prix",1,1970-01-01T00:00:00Z,2025-11-24T07:59:12Z
28571,"Bea For Kids Champions Challenge",1,2025-05-29T08:26:38Z,2025-11-24T07:58:01Z
12,"Serbia",1,2024-04-23T14:44:59Z,2025-11-24T07:58:43Z
29558,"UFC 295",1,2025-10-29T16:28:27Z,2025-11-24T07:58:43Z
359,"Jamaica World Cup 2026",1,1970-01-01T00:00:00Z,2025-11-24T07:59:15Z
29375,"SC Heerenveen",1,2025-08-07T13:14:15Z,2025-11-24T07:59:15Z
28529,"NK Celje",1,2025-02-27T17:57:00Z,2025-11-24T07:58:43Z
29452,"Egypt World Cup 2026",1,1970-01-01T00:00:00Z,2025-11-24T07:59:17Z
17306,"Heracles Almelo",1,1970-01-01T00:00:00Z,2025-11-24T07:59:18Z
29558,"UFC 295",1,2025-10-29T16:28:27Z,2025-11-24T07:58:43Z
28707,"Norway Womens National Football Team",1,1970-01-01T00:00:00Z,2025-11-24T07:59:19Z
23008,"Vitória SC",1,1970-01-01T00:00:00Z,2025-11-24T07:59:21Z
28529,"NK Celje",1,2025-02-27T17:57:00Z,2025-11-24T07:58:43Z
29561,"UFC 297",1,2025-10-29T16:30:35Z,2025-11-24T07:59:24Z
29570,"Euro 2028",1,2025-10-29T17:58:10Z,2025-11-24T07:59:24Z
543,"Orlando City SC",1,1970-01-01T00:00:00Z,2025-11-24T07:58:42Z
28530,"Panathinaikos FC",1,1970-01-01T00:00:00Z,2025-11-24T07:59:25Z
28509,"Spanish Supercup Final",1,1970-01-01T00:00:00Z,2025-11-24T07:59:25Z
30858,"Gremio",1,2025-11-13T09:01:00Z,2025-11-24T07:59:26Z
28544,"PBR Team Series",1,1970-01-01T00:00:00Z,2025-11-24T07:59:26Z
28550,"Fiji Rugby",1,1970-01-01T00:00:00Z,2025-11-24T07:59:27Z
14,"Poland World Cup 2026",1,2024-04-23T14:45:38Z,2025-11-24T07:59:27Z
1857,"New Zealand National Rugby Team",1,2024-11-26T21:35:58Z,2025-11-24T07:59:27Z
29387,"Ferencváros TC",1,1970-01-01T00:00:00Z,2025-11-24T07:59:27Z
11981,"Al-Hilal",1,1970-01-01T00:00:00Z,2025-11-24T07:59:27Z
22803,"Sheffield United FC",1,1970-01-01T00:00:00Z,2025-11-24T07:59:27Z
29420,"Red Bull Home Ground",1,2025-09-23T13:06:10Z,2025-11-24T07:59:28Z
30856,"Corinthians",1,2025-11-13T08:59:25Z,2025-11-24T07:59:28Z
29379,"SC Telstar",1,2025-08-07T13:19:54Z,2025-11-24T07:59:29Z
29385,"Lech Poznań",1,2025-08-14T12:56:59Z,2025-11-24T07:59:29Z
13317,"Sugar Bowl",1,1970-01-01T00:00:00Z,2025-11-24T07:59:29Z
28717,"Champions League - Quarter Finals",1,1970-01-01T00:00:00Z,2025-11-24T07:59:30Z
13664,"College Football Playoff National Championship",1,1970-01-01T00:00:00Z,2025-11-24T07:59:30Z
13926,"Club World Cup 2025 - Quarter-finals",1,1970-01-01T00:00:00Z,2025-11-24T07:59:30Z
11971,"Espérance Sportive de Tunis",1,1970-01-01T00:00:00Z,2025-11-24T07:59:31Z
29455,"Cape Verde World Cup 2026",1,1970-01-01T00:00:00Z,2025-11-24T07:59:31Z
13928,"Club World Cup 2025 - Final",1,1970-01-01T00:00:00Z,2025-11-24T07:59:31Z
25,"Round of 16 Euro 2024",1,2024-04-25T13:57:36Z,2025-11-24T07:59:31Z
28529,"NK Celje",1,2025-02-27T17:57:00Z,2025-11-24T07:58:43Z
29457,"South Africa World Cup 2026",1,1970-01-01T00:00:00Z,2025-11-24T07:59:32Z
3457,"2025 Masters Golf Tournament",1,1970-01-01T00:00:00Z,2025-11-24T07:59:32Z
543,"Orlando City SC",1,1970-01-01T00:00:00Z,2025-11-24T07:58:42Z
5879,"Peach Bowl",1,1970-01-01T00:00:00Z,2025-11-24T07:59:56Z
23638,"Santos FC",1,2024-12-30T17:26:26Z,2025-11-24T07:59:56Z
28564,"NBA Finals",1,1970-01-01T00:00:00Z,2025-11-24T07:59:56Z
9,"Albania",1,2024-04-23T14:42:28Z,2025-11-24T07:59:58Z
11975,"Fluminense FC",1,1970-01-01T00:00:00Z,2025-11-24T07:59:59Z
28535,"FCSB",1,1970-01-01T00:00:00Z,2025-11-24T07:59:59Z
28554,"Tonga Rugby",1,1970-01-01T00:00:00Z,2025-11-24T08:01:55Z
29499,"Anthony Joshua",1,2025-10-29T15:19:45Z,2025-11-24T08:00:02Z
146,"Canelo Alvarez",1,1970-01-01T00:00:00Z,2025-11-24T08:00:03Z
29448,"Saudi Arabia",1,2025-10-08T12:21:02Z,2025-11-24T08:00:04Z
28603,"Nations League Semifinal",1,1970-01-01T00:00:00Z,2025-11-24T08:00:05Z
796,"Washington Mystics",1,2024-07-01T11:26:58Z,2025-11-24T08:00:07Z
28708,"Germany Womens National Soccer Team",1,1970-01-01T00:00:00Z,2025-11-24T07:58:53Z
11978,"Wydad AC",1,1970-01-01T00:00:00Z,2025-11-24T07:58:54Z
2,"France World Cup 2026",1,1970-01-01T00:00:00Z,2025-11-24T07:58:55Z
28537,"Conor Benn",1,2025-02-27T18:38:39Z,2025-11-24T07:58:55Z
30862,"Red Bull Bragantino",1,2025-11-13T09:03:14Z,2025-11-24T07:58:05Z
76,"Arizona Coyotes",1,2024-07-01T11:26:58Z,2025-11-24T07:58:07Z
15520,"PFC Ludogorets Razgrad",1,1970-01-01T00:00:00Z,2025-11-24T07:58:07Z
3,"Germany World Cup 2026",1,2024-04-23T14:10:15Z,2025-11-24T07:58:09Z
599,"Real Salt Lake",1,1970-01-01T00:00:00Z,2025-11-24T07:58:09Z
29819,"Winter Games 2026",1,2025-11-03T16:34:37Z,2025-11-24T07:57:58Z
205,"Costa Rica World Cup 2026",1,1970-01-01T00:00:00Z,2025-11-24T07:59:10Z
30883,"BK Häcken",1,2025-11-13T14:38:32Z,2025-11-24T07:59:11Z
30869,"Steve Collins",1,2025-11-13T14:28:02Z,2025-11-24T07:59:11Z
23005,"Formula 1: Brazil Grand Prix",1,1970-01-01T00:00:00Z,2025-11-24T07:59:12Z
120,"Bolivia World Cup 2026",1,1970-01-01T00:00:00Z,2025-11-24T07:59:13Z
29374,"PEC Zwolle",1,2025-08-07T13:13:10Z,2025-11-24T07:57:26Z
28523,"Molde FK",1,2025-02-27T17:47:27Z,2025-11-24T07:58:13Z
28534,"Fenerbahçe SK",1,1970-01-01T00:00:00Z,2025-11-24T07:57:42Z
11,"Denmark World Cup 2026",1,2024-04-23T14:44:37Z,2025-11-24T07:58:14Z
28511,"Champions League Semifinal",1,1970-01-01T00:00:00Z,2025-11-24T07:58:16Z
28708,"Germany Womens National Soccer Team",1,1970-01-01T00:00:00Z,2025-11-24T07:58:53Z
11978,"Wydad AC",1,1970-01-01T00:00:00Z,2025-11-24T07:58:54Z
2,"France World Cup 2026",1,1970-01-01T00:00:00Z,2025-11-24T07:58:55Z
28537,"Conor Benn",1,2025-02-27T18:38:39Z,2025-11-24T07:58:55Z
675,"SV Darmstadt 98",1,1970-01-01T00:00:00Z,2025-11-24T07:58:56Z
25234,"Watford FC",1,2024-12-30T17:34:23Z,2025-11-24T07:57:37Z
514,"New York Liberty",1,1970-01-01T00:00:00Z,2025-11-24T07:57:37Z
152,"CF Montreal",1,1970-01-01T00:00:00Z,2025-11-24T07:57:37Z
88,"Atlanta United FC",1,1970-01-01T00:00:00Z,2025-11-24T08:01:20Z
166,"Chicago Fire FC",1,1970-01-01T00:00:00Z,2025-11-24T08:01:20Z
289,"Formula 1: Canadian Grand Prix",1,1970-01-01T00:00:00Z,2025-11-24T08:01:20Z
640,"Seattle Sounders FC",1,1970-01-01T00:00:00Z,2025-11-24T08:01:20Z
13190,"Rochester Americans",1,1970-01-01T00:00:00Z,2025-11-24T07:57:37Z
31,"Cincinnati Open Tennis",1,1970-01-01T00:00:00Z,2025-11-24T07:57:37Z
28558,"Katie Taylor",1,2025-04-29T18:19:31Z,2025-11-24T07:57:37Z
7180,"Portland Sea Dogs",1,2024-12-02T23:44:21Z,2025-11-24T07:57:37Z
275,"FC Dallas",1,1970-01-01T00:00:00Z,2025-11-24T08:01:20Z
28676,"Andorra",1,2025-06-06T10:15:19Z,2025-11-24T08:00:12Z
28705,"Italy Womens National Football Team",1,1970-01-01T00:00:00Z,2025-11-24T08:00:12Z
13277,"Colorado Eagles",1,1970-01-01T00:00:00Z,2025-11-24T08:00:23Z
13476,"Cleveland Monsters",1,1970-01-01T00:00:00Z,2025-11-24T08:00:25Z
145,"Canada World Cup 2026",1,1970-01-01T00:00:00Z,2025-11-24T08:00:27Z
769,"UD Las Palmas",1,2024-07-01T11:26:58Z,2025-11-24T08:00:29Z
29573,"UTS - Tennis Like Never Before",1,2025-10-29T18:04:55Z,2025-11-24T08:00:29Z
401,"Las Vegas Aces",1,1970-01-01T00:00:00Z,2025-11-24T08:00:29Z
8064,"Coachella Valley Firebirds",1,1970-01-01T00:00:00Z,2025-11-24T08:00:29Z
15055,"Mutua Madrid Open",1,1970-01-01T00:00:00Z,2025-11-24T08:00:29Z
29456,"Ghana World Cup 2026",1,1970-01-01T00:00:00Z,2025-11-24T08:00:30Z
24,"Czech Republic",1,2024-04-23T14:49:17Z,2025-11-24T08:01:24Z
22,"Georgia",1,2024-04-23T14:48:40Z,2025-11-24T08:01:25Z
3,"Germany World Cup 2026",1,2024-04-23T14:10:15Z,2025-11-24T07:58:09Z
599,"Real Salt Lake",1,1970-01-01T00:00:00Z,2025-11-24T07:58:09Z
29819,"Winter Games 2026",1,2025-11-03T16:34:37Z,2025-11-24T07:57:58Z
13204,"Fiesta Bowl",1,1970-01-01T00:00:00Z,2025-11-24T07:58:09Z
30876,"Rakow Czestochow",1,2025-11-13T14:33:44Z,2025-11-24T07:58:11Z
13516,"London Knights",1,2024-12-18T10:00:40Z,2025-11-24T07:58:11Z
13283,"Temple Owls Football",1,2024-12-18T09:45:46Z,2025-11-24T07:58:11Z
28726,"Lewis Crocker",1,2025-07-30T10:37:42Z,2025-11-24T07:58:13Z
29461,"Morocco World Cup 2026",1,1970-01-01T00:00:00Z,2025-11-24T07:58:17Z
29444,"Iran World Cup 2026",1,1970-01-01T00:00:00Z,2025-11-24T08:01:35Z
21833,"F1: Barcelona GP 2026 (Montmeló)",1,1970-01-01T00:00:00Z,2025-11-24T08:01:36Z
398,"LA Galaxy",1,1970-01-01T00:00:00Z,2025-11-24T08:01:37Z
29460,"Australia World Cup 2026",1,1970-01-01T00:00:00Z,2025-11-24T08:01:38Z
29462,"World Cup 2026 Final",1,1970-01-01T00:00:00Z,2025-11-24T08:01:39Z
29564,"UFC 309",1,2025-10-29T16:31:55Z,2025-11-24T07:59:47Z
29413,"Terence Crawford",1,2025-09-11T14:52:45Z,2025-11-24T07:57:39Z
15007,"RSC Anderlecht",1,2024-12-30T12:42:52Z,2025-11-24T07:57:10Z
29562,"UFC 302",1,2025-10-29T16:31:03Z,2025-11-24T08:02:21Z
23015,"FC Arouca",1,2024-12-30T15:47:49Z,2025-11-24T08:02:22Z
30894,"Racing 92",1,2025-11-13T14:55:55Z,2025-11-24T07:57:12Z
30896,"Section Paloise",1,2025-11-13T14:57:00Z,2025-11-24T07:57:12Z
30855,"Ceará",1,2025-11-13T08:59:02Z,2025-11-24T07:57:13Z
28528,"Jagiellonia Białystok",1,2025-02-27T17:55:59Z,2025-11-24T07:57:14Z
8321,"Palm Beach Cardinals",1,2024-12-03T00:26:56Z,2025-11-24T08:02:06Z
16743,"PAOK FC",1,1970-01-01T00:00:00Z,2025-11-24T08:02:07Z
16149,"West Bromwich Albion FC",1,1970-01-01T00:00:00Z,2025-11-24T08:02:10Z
29513,"Chivas Guadalajara",1,2025-10-29T15:36:44Z,2025-11-24T08:02:14Z
11964,"Palmeiras",1,1970-01-01T00:00:00Z,2025-11-24T07:59:03Z
28683,"Acda en de Munnik",1,2025-06-06T10:24:26Z,2025-11-24T07:59:03Z
1829,"Ireland National Football Team",1,1970-01-01T00:00:00Z,2025-11-24T07:59:04Z
11980,"FC Salzburg",1,1970-01-01T00:00:00Z,2025-11-24T07:59:06Z
11979,"Al Ain FC",1,1970-01-01T00:00:00Z,2025-11-24T07:59:06Z
554,"Paraguay World Cup 2026",1,1970-01-01T00:00:00Z,2025-11-24T07:59:07Z
12472,"AJ Auxerre",1,2024-12-17T18:27:19Z,2025-11-24T07:59:47Z
29393,"Preston North",1,2025-08-14T18:03:25Z,2025-11-24T07:59:55Z
11972,"Club León",1,1970-01-01T00:00:00Z,2025-11-24T07:57:26Z
29393,"Preston North",1,2025-08-14T18:03:25Z,2025-11-24T07:59:55Z
9,"Albania",1,2024-04-23T14:42:28Z,2025-11-24T07:59:58Z
28554,"Tonga Rugby",1,1970-01-01T00:00:00Z,2025-11-24T08:01:55Z
28711,"Womens Euro - Semifinals",1,1970-01-01T00:00:00Z,2025-11-24T07:59:34Z
28524,"FC Lugano",1,1970-01-01T00:00:00Z,2025-11-24T07:59:34Z
28661,"Moto GP: Czech Grand Prix",1,1970-01-01T00:00:00Z,2025-11-24T07:59:39Z
26827,"Matchroom Boxing",1,1970-01-01T00:00:00Z,2025-11-24T07:59:40Z
28716,"Champions League - Round of 16",1,1970-01-01T00:00:00Z,2025-11-24T07:59:40Z
11974,"CF Monterrey",1,1970-01-01T00:00:00Z,2025-11-24T07:59:41Z
28532,"Cercle Brugge",1,2025-02-27T18:09:01Z,2025-11-24T07:59:44Z
12705,"Texas Tailgaters",1,2024-12-18T09:42:48Z,2025-11-24T07:59:45Z
29454,"Ivory Coast World Cup 2026",1,1970-01-01T00:00:00Z,2025-11-24T07:59:45Z
12472,"AJ Auxerre",1,2024-12-17T18:27:19Z,2025-11-24T07:59:47Z
29564,"UFC 309",1,2025-10-29T16:31:55Z,2025-11-24T07:59:47Z
359,"Jamaica World Cup 2026",1,1970-01-01T00:00:00Z,2025-11-24T07:59:15Z
29375,"SC Heerenveen",1,2025-08-07T13:14:15Z,2025-11-24T07:59:15Z
29452,"Egypt World Cup 2026",1,1970-01-01T00:00:00Z,2025-11-24T07:59:17Z
17306,"Heracles Almelo",1,1970-01-01T00:00:00Z,2025-11-24T07:59:18Z
23008,"Vitória SC",1,1970-01-01T00:00:00Z,2025-11-24T07:59:21Z
28530,"Panathinaikos FC",1,1970-01-01T00:00:00Z,2025-11-24T07:59:25Z
1841,"Le Havre",1,1970-01-01T00:00:00Z,2025-11-24T07:59:25Z
28509,"Spanish Supercup Final",1,1970-01-01T00:00:00Z,2025-11-24T07:59:25Z
28550,"Fiji Rugby",1,1970-01-01T00:00:00Z,2025-11-24T07:59:27Z
14,"Poland World Cup 2026",1,2024-04-23T14:45:38Z,2025-11-24T07:59:27Z
28553,"Samoa Rugby",1,1970-01-01T00:00:00Z,2025-11-24T08:01:27Z
29404,"Genk",1,2025-09-02T16:26:12Z,2025-11-24T08:01:27Z
29384,"Maccabi Tel Aviv",1,1970-01-01T00:00:00Z,2025-11-24T08:01:27Z
29386,"Servette FC",1,2025-08-14T12:59:54Z,2025-11-24T08:01:27Z
29388,"Red Star Belgrade",1,2025-08-14T13:03:33Z,2025-11-24T08:01:27Z
29444,"Iran World Cup 2026",1,1970-01-01T00:00:00Z,2025-11-24T08:01:35Z
30853,"Atletico Mineiro",1,2025-11-13T08:58:10Z,2025-11-24T08:01:43Z
16,"Austria World Cup 2026",1,2024-04-23T14:46:19Z,2025-11-24T08:01:45Z
11965,"Al-Ahly",1,1970-01-01T00:00:00Z,2025-11-24T08:01:45Z
20,"Ukraine World Cup 2026",1,2024-04-23T14:47:39Z,2025-11-24T08:01:45Z
29563,"UFC 306",1,2025-10-29T16:31:33Z,2025-11-24T08:01:46Z
14128,"Wisconsin Badgers Football",1,2024-12-23T16:36:53Z,2025-11-24T08:01:48Z
30859,"Sport Club Internacional",1,2025-11-13T09:01:45Z,2025-11-24T08:01:50Z
13781,"Arizona State Sun Devils Football",1,1970-01-01T00:00:00Z,2025-11-24T08:01:52Z
29456,"Ghana World Cup 2026",1,1970-01-01T00:00:00Z,2025-11-24T08:00:30Z
24,"Czech Republic",1,2024-04-23T14:49:17Z,2025-11-24T08:01:24Z
22,"Georgia",1,2024-04-23T14:48:40Z,2025-11-24T08:01:25Z
3086,"Texas Longhorns Mens Basketball",1,2024-12-02T20:14:59Z,2025-11-24T08:01:25Z
13,"England World Cup 2026",1,1970-01-01T00:00:00Z,2025-11-24T08:01:25Z
28,"Final Euro 2024",1,2024-04-25T13:59:38Z,2025-11-24T08:01:26Z
28549,"Japan Rugby",1,1970-01-01T00:00:00Z,2025-11-24T08:01:26Z
29445,"Uzbekistan World Cup 2026",1,1970-01-01T00:00:00Z,2025-11-24T08:01:26Z
200,"Columbus Crew",1,1970-01-01T00:00:00Z,2025-11-24T08:01:27Z
825,"Rolex Paris Masters",1,1970-01-01T00:00:00Z,2025-11-24T08:01:28Z
195,"Colombia World Cup 2026",1,1970-01-01T00:00:00Z,2025-11-24T08:01:28Z
30866,"Birmingham City FC",1,2025-11-13T14:22:00Z,2025-11-24T08:01:54Z
30878,"SK Sigma Olomouc",1,2025-11-13T14:35:08Z,2025-11-24T08:01:54Z
30879,"Universitatea Craiova",1,2025-11-13T14:36:14Z,2025-11-24T08:01:55Z
12745,"Sao Paulo",1,2024-12-18T09:43:01Z,2025-11-24T08:01:54Z
545,"Orlando Pride",1,2024-07-01T11:26:58Z,2025-11-24T08:01:57Z
16,"Austria World Cup 2026",1,2024-04-23T14:46:19Z,2025-11-24T08:01:45Z
11965,"Al-Ahly",1,1970-01-01T00:00:00Z,2025-11-24T08:01:45Z
20,"Ukraine World Cup 2026",1,2024-04-23T14:47:39Z,2025-11-24T08:01:45Z
29442,"Japan World Cup 2026",1,1970-01-01T00:00:00Z,2025-11-24T08:01:46Z
14128,"Wisconsin Badgers Football",1,2024-12-23T16:36:53Z,2025-11-24T08:01:48Z
13781,"Arizona State Sun Devils Football",1,1970-01-01T00:00:00Z,2025-11-24T08:01:52Z
30868,"Nigel Benn",1,2025-11-13T14:27:20Z,2025-11-24T08:01:54Z
30866,"Birmingham City FC",1,2025-11-13T14:22:00Z,2025-11-24T08:01:54Z
30878,"SK Sigma Olomouc",1,2025-11-13T14:35:08Z,2025-11-24T08:01:54Z
24670,"Conference League Final 2026",1,1970-01-01T00:00:00Z,2025-11-24T08:01:56Z
30868,"Nigel Benn",1,2025-11-13T14:27:20Z,2025-11-24T08:01:54Z
30866,"Birmingham City FC",1,2025-11-13T14:22:00Z,2025-11-24T08:01:54Z
30878,"SK Sigma Olomouc",1,2025-11-13T14:35:08Z,2025-11-24T08:01:54Z
24670,"Conference League Final 2026",1,1970-01-01T00:00:00Z,2025-11-24T08:01:56Z
21,"Turkey World Cup 2026",1,2024-04-23T14:47:53Z,2025-11-24T08:01:58Z
6591,"Incarnate Word Cardinals Football",1,2024-12-02T23:30:13Z,2025-11-24T08:01:58Z
8321,"Palm Beach Cardinals",1,2024-12-03T00:26:56Z,2025-11-24T08:02:06Z
16743,"PAOK FC",1,1970-01-01T00:00:00Z,2025-11-24T08:02:07Z
16149,"West Bromwich Albion FC",1,1970-01-01T00:00:00Z,2025-11-24T08:02:10Z
30900,"Union Bordeaux Bègles",1,2025-11-13T14:58:46Z,2025-11-24T08:02:22Z
30855,"Ceará",1,2025-11-13T08:59:02Z,2025-11-24T07:57:13Z
28528,"Jagiellonia Białystok",1,2025-02-27T17:55:59Z,2025-11-24T07:57:14Z
30895,"RC Toulon",1,2025-11-13T14:56:16Z,2025-11-24T08:02:26Z
30873,"Lincoln Red Imps FC",1,2025-11-13T14:31:34Z,2025-11-24T08:02:26Z
30881,"KF Shkëndija",1,2025-11-13T14:37:24Z,2025-11-24T07:57:15Z
28525,"Djurgårdens IF",1,1970-01-01T00:00:00Z,2025-11-24T08:02:27Z
30873,"Lincoln Red Imps FC",1,2025-11-13T14:31:34Z,2025-11-24T08:02:26Z
5446,"Livingston FC",1,2024-12-02T21:58:47Z,2025-11-24T08:02:26Z
28525,"Djurgårdens IF",1,1970-01-01T00:00:00Z,2025-11-24T08:02:27Z
28559,"Amanda Serrano",1,2025-04-29T18:20:07Z,2025-11-24T08:02:28Z
30863,"Sport Recife",1,2025-11-13T09:04:45Z,2025-11-24T07:57:17Z
30850,"CD Tondela",1,2025-11-13T08:55:11Z,2025-11-24T07:57:17Z
28707,"Norway Womens National Football Team",1,1970-01-01T00:00:00Z,2025-11-24T07:59:19Z
1841,"Le Havre",1,1970-01-01T00:00:00Z,2025-11-24T07:59:25Z
28509,"Spanish Supercup Final",1,1970-01-01T00:00:00Z,2025-11-24T07:59:25Z
30858,"Gremio",1,2025-11-13T09:01:00Z,2025-11-24T07:59:26Z
28550,"Fiji Rugby",1,1970-01-01T00:00:00Z,2025-11-24T07:59:27Z
14,"Poland World Cup 2026",1,2024-04-23T14:45:38Z,2025-11-24T07:59:27Z
11981,"Al-Hilal",1,1970-01-01T00:00:00Z,2025-11-24T07:59:27Z
28554,"Tonga Rugby",1,1970-01-01T00:00:00Z,2025-11-24T08:01:55Z
29448,"Saudi Arabia",1,2025-10-08T12:21:02Z,2025-11-24T08:00:04Z
31009,"Kasımpaşa S.K.",1,2025-11-20T14:29:21Z,2025-11-24T08:02:43Z
31003,"Eyupspor",1,2025-11-20T14:24:46Z,2025-11-24T08:02:42Z
31008,"İstanbul Başakşehir FK",1,2025-11-20T14:27:58Z,2025-11-24T08:02:47Z
31033,"SpVgg Greuther Furth",1,2025-11-20T15:08:43Z,2025-11-24T08:02:46Z
31063,"Zambia National Football Team",1,2025-11-20T15:43:00Z,2025-11-24T08:02:51Z
31055,"DR Congo National Football Team",1,2025-11-20T15:37:31Z,2025-11-24T08:02:47Z
30920,"FK Austria Wien",1,2025-11-20T12:23:31Z,2025-11-24T08:02:50Z
30939,"Aarhus",1,2025-11-20T12:53:24Z,2025-11-24T08:02:43Z
30921,"Grazer AK",1,2025-11-20T12:24:44Z,2025-11-24T08:02:50Z
30948,"Hertha Berlin SC",1,2025-11-20T13:00:20Z,2025-11-24T08:02:42Z
30963,"AD Ceuta FC",1,2025-11-20T13:42:48Z,2025-11-24T08:02:42Z
30917,"CA Independiente",1,2025-11-20T12:19:26Z,2025-11-24T08:02:44Z
31051,"Botswana National Football Team",1,2025-11-20T15:34:21Z,2025-11-24T08:02:47Z
30930,"Dender",1,2025-11-20T12:33:36Z,2025-11-24T08:02:44Z
30946,"Sonderjyske",1,2025-11-20T12:57:18Z,2025-11-24T08:02:45Z
30929,"Charleroi",1,2025-11-20T12:32:54Z,2025-11-24T08:02:50Z
30945,"Silkeborg",1,2025-11-20T12:56:49Z,2025-11-24T08:02:46Z
31045,"Radomiak Radom",1,2025-11-20T15:29:12Z,2025-11-24T08:02:50Z
30931,"KAA Gent",1,2025-11-20T12:34:37Z,2025-11-24T08:02:46Z
30923,"SCR Altach",1,2025-11-20T12:26:56Z,2025-11-24T08:02:46Z
31030,"Preussen Munster",1,2025-11-20T15:04:51Z,2025-11-24T08:02:49Z
30919,"FC Blau Weib Linz",1,2025-11-20T12:22:35Z,2025-11-24T08:02:45Z
31005,"Gaziantep FK",1,2025-11-20T14:26:16Z,2025-11-24T08:02:51Z
30927,"WSG Tirol",1,2025-11-20T12:30:05Z,2025-11-24T08:02:49Z
30943,"Odense Boldklub",1,2025-11-20T12:55:39Z,2025-11-24T08:02:44Z
31074,"CDA Navalcarnero",1,2025-11-20T15:52:01Z,2025-11-24T08:02:51Z
30988,"Levadiakos",1,2025-11-20T14:13:46Z,2025-11-24T08:02:45Z
30999,"Alanyaspor",1,2025-11-20T14:22:38Z,2025-11-24T08:02:42Z
30995,"FC Sion",1,2025-11-20T14:19:23Z,2025-11-24T08:02:41Z
30914,"Racing Club de Avellaneda",1,2025-11-20T12:17:02Z,2025-11-24T08:02:48Z
30984,"Aris Salonika",1,2025-11-20T14:10:55Z,2025-11-24T08:02:44Z
31000,"Antalyaspor",1,2025-11-20T14:23:05Z,2025-11-24T08:02:47Z
31035,"Arka Gdynia",1,2025-11-20T15:14:20Z,2025-11-24T08:02:47Z
30995,"FC Sion",1,2025-11-20T14:19:23Z,2025-11-24T08:02:41Z
30999,"Alanyaspor",1,2025-11-20T14:22:38Z,2025-11-24T08:02:42Z
31003,"Eyupspor",1,2025-11-20T14:24:46Z,2025-11-24T08:02:42Z
31009,"Kasımpaşa S.K.",1,2025-11-20T14:29:21Z,2025-11-24T08:02:43Z
30977,"Racing de Santander",1,2025-11-20T13:56:37Z,2025-11-24T08:02:48Z
30960,"Slovacko",1,2025-11-20T13:09:04Z,2025-11-24T08:02:42Z
31038,"Gornik Zabrze",1,2025-11-20T15:19:13Z,2025-11-24T08:02:46Z
30958,"FK Teplice",1,2025-11-20T13:07:00Z,2025-11-24T08:02:46Z
31055,"DR Congo National Football Team",1,2025-11-20T15:37:31Z,2025-11-24T08:02:47Z
31036,"Bruk-Bet Termalica Nieciecza",1,2025-11-20T15:16:47Z,2025-11-24T08:02:46Z
30920,"FK Austria Wien",1,2025-11-20T12:23:31Z,2025-11-24T08:02:50Z
31033,"SpVgg Greuther Furth",1,2025-11-20T15:08:43Z,2025-11-24T08:02:46Z
30919,"FC Blau Weib Linz",1,2025-11-20T12:22:35Z,2025-11-24T08:02:45Z
30982,"Falkirk FC",1,2025-11-20T14:03:03Z,2025-11-24T08:02:46Z
31085,"SD Ponferradina",1,2025-11-20T16:01:22Z,2025-11-24T08:02:51Z
31022,"Willem II",1,2025-11-20T14:57:09Z,2025-11-24T08:02:45Z
30925,"TSV Hartberg",1,2025-11-20T12:28:26Z,2025-11-24T08:02:44Z
31016,"Excelsior Maassluis",1,2025-11-20T14:53:43Z,2025-11-24T08:02:47Z
31008,"İstanbul Başakşehir FK",1,2025-11-20T14:27:58Z,2025-11-24T08:02:47Z
31030,"Preussen Munster",1,2025-11-20T15:04:51Z,2025-11-24T08:02:49Z
30968,"CD Castellon",1,2025-11-20T13:46:48Z,2025-11-24T08:02:48Z
31069,"CD Extremadura",1,2025-11-20T15:48:37Z,2025-11-24T08:02:53Z
31087,"Çorum FK",1,2025-11-20T16:05:24Z,2025-11-24T08:02:43Z
31023,"Hannover 96",1,2025-11-20T14:58:17Z,2025-11-24T08:02:42Z
31049,"Angola National Football Team",1,2025-11-20T15:33:10Z,2025-11-24T08:02:45Z
30952,"FC Hradec Kralove",1,2025-11-20T13:03:49Z,2025-11-24T08:02:51Z
30923,"SCR Altach",1,2025-11-20T12:26:56Z,2025-11-24T08:02:46Z
31056,"Equatorial Guinea National Football Team",1,2025-11-20T15:38:08Z,2025-11-24T08:02:45Z
30941,"FC Fredericia",1,2025-11-20T12:54:24Z,2025-11-24T08:02:51Z
30971,"Cultural Leonesa",1,2025-11-20T13:49:48Z,2025-11-24T08:02:50Z
31089,"Africa Cup of Nations",1,2025-11-20T17:16:48Z,2025-11-24T08:02:48Z
30992,"FC Winterthur",1,2025-11-20T14:16:34Z,2025-11-24T08:02:52Z
31015,"Amsterdamsche FC",1,2025-11-20T14:52:58Z,2025-11-24T08:02:46Z
31042,"Motor Lublin",1,2025-11-20T15:26:50Z,2025-11-24T08:02:46Z
31012,"Konyaspor",1,2025-11-20T14:31:01Z,2025-11-24T08:02:46Z
31080,"Racing Ferrol",1,2025-11-20T15:57:43Z,2025-11-24T08:02:51Z
31005,"Gaziantep FK",1,2025-11-20T14:26:16Z,2025-11-24T08:02:51Z
31074,"CDA Navalcarnero",1,2025-11-20T15:52:01Z,2025-11-24T08:02:51Z
30935,"Standard Liege",1,2025-11-20T12:37:31Z,2025-11-24T08:02:49Z
30970,"Córdoba CF",1,2025-11-20T13:48:57Z,2025-11-24T08:02:50Z
30908,"Curaçao World Cup 2026",1,2025-11-19T15:38:55Z,2025-11-24T08:02:52Z
31006,"Genclerbirligi S.K.",1,2025-11-20T14:26:50Z,2025-11-24T08:02:51Z
30943,"Odense Boldklub",1,2025-11-20T12:55:39Z,2025-11-24T08:02:44Z
30933,"Mechelen",1,2025-11-20T12:36:04Z,2025-11-24T08:02:49Z
30909,"CA Lanus",1,2025-11-20T12:11:13Z,2025-11-24T08:02:44Z
30913,"Deportivo Riestra",1,2025-11-20T12:16:13Z,2025-11-24T08:02:48Z
31072,"CF Talavera",1,2025-11-20T15:50:05Z,2025-11-24T08:02:45Z
31039,"Korona Kielce",1,2025-11-20T15:19:48Z,2025-11-24T08:02:46Z
30966,"Burgos FC",1,2025-11-20T13:45:30Z,2025-11-24T08:02:48Z
30980,"SD Huesca",1,2025-11-20T13:58:45Z,2025-11-24T08:02:49Z
30955,"FK Jablonec",1,2025-11-20T13:05:15Z,2025-11-24T08:02:53Z
31068,"CD Ebro",1,2025-11-20T15:47:55Z,2025-11-24T08:02:48Z
31047,"Wisla Plock",1,2025-11-20T15:30:01Z,2025-11-24T08:02:48Z
30956,"FK Mlada Boleslav",1,2025-11-20T13:05:43Z,2025-11-24T08:02:49Z
31026,"FC Kaiserslautern",1,2025-11-20T15:00:30Z,2025-11-24T08:02:49Z
31044,"Pogon Szczecin",1,2025-11-20T15:28:17Z,2025-11-24T08:02:51Z
31088,"Muş 1984 Muşspor",1,2025-11-20T16:06:02Z,2025-11-24T08:02:52Z
30953,"FC Slovan Liberec",1,2025-11-20T13:04:14Z,2025-11-24T08:02:51Z
30975,"Granada CF",1,2025-11-20T13:54:49Z,2025-11-24T08:02:45Z
30979,"Real Zaragoza",1,2025-11-20T13:58:06Z,2025-11-24T08:02:50Z
30907,"Haiti Mundial de Fútbol 2026",1,2025-11-19T15:38:27Z,2025-11-24T08:02:52Z
30959,"MFK Karvina",1,2025-11-20T13:07:28Z,2025-11-24T08:02:42Z
31075,"CD Numancia",1,2025-11-20T15:52:53Z,2025-11-24T08:02:47Z
30998,"FC Zürich",1,2025-11-20T14:21:44Z,2025-11-24T08:02:50Z
31067,"CD Atlético Baleares",1,2025-11-20T15:47:10Z,2025-11-24T08:02:50Z
31014,"Atlético Clube de Portugal",1,2025-11-20T14:32:59Z,2025-11-24T08:02:47Z
31083,"CE Sabadell FC",1,2025-11-20T15:59:57Z,2025-11-24T08:02:46Z
31024,"Dynamo Dresden",1,2025-11-20T14:59:09Z,2025-11-24T08:02:44Z
31060,"Sudan National Football Team",1,2025-11-20T15:40:40Z,2025-11-24T08:02:53Z
31041,"Lechia Gdansk",1,2025-11-20T15:25:37Z,2025-11-24T08:02:51Z
31037,"GKS Katowice",1,2025-11-20T15:18:15Z,2025-11-24T08:02:53Z
31079,"Club Portugalete",1,2025-11-20T15:57:10Z,2025-11-24T08:02:49Z
30918,"Independiente Rivadavia",1,2025-11-20T12:19:55Z,2025-11-24T08:02:44Z
30996,"FC St Gallen",1,2025-11-20T14:19:56Z,2025-11-24T08:02:42Z
30939,"Aarhus",1,2025-11-20T12:53:24Z,2025-11-24T08:02:43Z
31053,"Cameroon National Football Team",1,2025-11-20T15:35:51Z,2025-11-24T08:02:53Z
30937,"Westerlo",1,2025-11-20T12:39:52Z,2025-11-24T08:02:42Z
31070,"CD Quintanar",1,2025-11-20T15:49:10Z,2025-11-24T08:02:53Z
30912,"Central Cordoba",1,2025-11-20T12:15:21Z,2025-11-24T08:02:42Z
31017,"FC Den Bosch",1,2025-11-20T14:54:26Z,2025-11-24T08:02:45Z
31086,"Śląsk Wrocław",1,2025-11-20T16:04:11Z,2025-11-24T08:02:49Z
31073,"CD Eldense",1,2025-11-20T15:50:31Z,2025-11-24T08:02:48Z
31046,"Widzew Lodz",1,2025-11-20T15:29:39Z,2025-11-24T08:02:49Z
31066,"FC Cartagena",1,2025-11-20T15:46:35Z,2025-11-24T08:02:47Z
31034,"SV Elversberg",1,2025-11-20T15:09:09Z,2025-11-24T08:02:51Z
31040,"KS Cracovia",1,2025-11-20T15:20:38Z,2025-11-24T08:02:45Z
30944,"Randers FC",1,2025-11-20T12:56:10Z,2025-11-24T08:02:50Z
30942,"FC Nordsjaelland",1,2025-11-20T12:54:57Z,2025-11-24T08:02:50Z
31082,"Real Murcia CF",1,2025-11-20T15:59:15Z,2025-11-24T08:02:42Z
30961,"Zlin",1,2025-11-20T13:09:47Z,2025-11-24T08:02:42Z
30981,"Sporting de Gijon",1,2025-11-20T13:59:40Z,2025-11-24T08:02:50Z
31045,"Radomiak Radom",1,2025-11-20T15:29:12Z,2025-11-24T08:02:50Z
30921,"Grazer AK",1,2025-11-20T12:24:44Z,2025-11-24T08:02:50Z
30948,"Hertha Berlin SC",1,2025-11-20T13:00:20Z,2025-11-24T08:02:42Z
31022,"Willem II",1,2025-11-20T14:57:09Z,2025-11-24T08:02:45Z
31055,"DR Congo National Football Team",1,2025-11-20T15:37:31Z,2025-11-24T08:02:47Z
30920,"FK Austria Wien",1,2025-11-20T12:23:31Z,2025-11-24T08:02:50Z
31030,"Preussen Munster",1,2025-11-20T15:04:51Z,2025-11-24T08:02:49Z
30992,"FC Winterthur",1,2025-11-20T14:16:34Z,2025-11-24T08:02:52Z
31005,"Gaziantep FK",1,2025-11-20T14:26:16Z,2025-11-24T08:02:51Z
31084,"UE Sant Andreu",1,2025-11-20T16:00:46Z,2025-11-24T08:02:45Z
30955,"FK Jablonec",1,2025-11-20T13:05:15Z,2025-11-24T08:02:53Z
31036,"Bruk-Bet Termalica Nieciecza",1,2025-11-20T15:16:47Z,2025-11-24T08:02:46Z
31074,"CDA Navalcarnero",1,2025-11-20T15:52:01Z,2025-11-24T08:02:51Z
30982,"Falkirk FC",1,2025-11-20T14:03:03Z,2025-11-24T08:02:46Z
31042,"Motor Lublin",1,2025-11-20T15:26:50Z,2025-11-24T08:02:46Z
31039,"Korona Kielce",1,2025-11-20T15:19:48Z,2025-11-24T08:02:46Z
30966,"Burgos FC",1,2025-11-20T13:45:30Z,2025-11-24T08:02:48Z
31068,"CD Ebro",1,2025-11-20T15:47:55Z,2025-11-24T08:02:48Z
31047,"Wisla Plock",1,2025-11-20T15:30:01Z,2025-11-24T08:02:48Z
31086,"Śląsk Wrocław",1,2025-11-20T16:04:11Z,2025-11-24T08:02:49Z
30913,"Deportivo Riestra",1,2025-11-20T12:16:13Z,2025-11-24T08:02:48Z
30993,"Grasshoppers",1,2025-11-20T14:17:29Z,2025-11-24T08:02:45Z
31020,"SV Spakenburg",1,2025-11-20T14:56:07Z,2025-11-24T08:02:48Z
31052,"Burkina Faso Nationall Football Team",1,2025-11-20T15:35:09Z,2025-11-24T08:02:48Z
31048,"Zaglebie Lubin",1,2025-11-20T15:30:37Z,2025-11-24T08:02:47Z
31031,"Schalke 04",1,2025-11-20T15:07:12Z,2025-11-24T08:02:47Z
30925,"TSV Hartberg",1,2025-11-20T12:28:26Z,2025-11-24T08:02:44Z
30954,"FK Dukla Prague",1,2025-11-20T13:04:40Z,2025-11-24T08:02:52Z
30938,"Zulte Waregem",1,2025-11-20T12:40:39Z,2025-11-24T08:02:52Z
31088,"Muş 1984 Muşspor",1,2025-11-20T16:06:02Z,2025-11-24T08:02:52Z
31016,"Excelsior Maassluis",1,2025-11-20T14:53:43Z,2025-11-24T08:02:47Z
31033,"SpVgg Greuther Furth",1,2025-11-20T15:08:43Z,2025-11-24T08:02:46Z
31063,"Zambia National Football Team",1,2025-11-20T15:43:00Z,2025-11-24T08:02:51Z
30929,"Charleroi",1,2025-11-20T12:32:54Z,2025-11-24T08:02:50Z
30986,"Atromitos Athens",1,2025-11-20T14:12:04Z,2025-11-24T08:02:52Z
30924,"SV Ried",1,2025-11-20T12:27:47Z,2025-11-24T08:02:52Z
31085,"SD Ponferradina",1,2025-11-20T16:01:22Z,2025-11-24T08:02:51Z
31056,"Equatorial Guinea National Football Team",1,2025-11-20T15:38:08Z,2025-11-24T08:02:45Z
31034,"SV Elversberg",1,2025-11-20T15:09:09Z,2025-11-24T08:02:51Z
30978,"Real Sociedad B",1,2025-11-20T13:57:27Z,2025-11-24T08:02:51Z
31040,"KS Cracovia",1,2025-11-20T15:20:38Z,2025-11-24T08:02:45Z
30956,"FK Mlada Boleslav",1,2025-11-20T13:05:43Z,2025-11-24T08:02:49Z
31015,"Amsterdamsche FC",1,2025-11-20T14:52:58Z,2025-11-24T08:02:46Z
30953,"FC Slovan Liberec",1,2025-11-20T13:04:14Z,2025-11-24T08:02:51Z
31026,"FC Kaiserslautern",1,2025-11-20T15:00:30Z,2025-11-24T08:02:49Z
31044,"Pogon Szczecin",1,2025-11-20T15:28:17Z,2025-11-24T08:02:51Z
31060,"Sudan National Football Team",1,2025-11-20T15:40:40Z,2025-11-24T08:02:53Z
30996,"FC St Gallen",1,2025-11-20T14:19:56Z,2025-11-24T08:02:42Z
30939,"Aarhus",1,2025-11-20T12:53:24Z,2025-11-24T08:02:43Z
31012,"Konyaspor",1,2025-11-20T14:31:01Z,2025-11-24T08:02:46Z
31080,"Racing Ferrol",1,2025-11-20T15:57:43Z,2025-11-24T08:02:51Z
30971,"Cultural Leonesa",1,2025-11-20T13:49:48Z,2025-11-24T08:02:50Z
30970,"Córdoba CF",1,2025-11-20T13:48:57Z,2025-11-24T08:02:50Z
31001,"Besiktas",1,2025-11-20T14:23:34Z,2025-11-24T08:02:52Z
30952,"FC Hradec Kralove",1,2025-11-20T13:03:49Z,2025-11-24T08:02:51Z
30908,"Curaçao World Cup 2026",1,2025-11-19T15:38:55Z,2025-11-24T08:02:52Z
30907,"Haiti Mundial de Fútbol 2026",1,2025-11-19T15:38:27Z,2025-11-24T08:02:52Z
31029,"Karlsruher SC",1,2025-11-20T15:04:02Z,2025-11-24T08:02:43Z
